,name,country,url
0,Algi Equipements,France,http://algi.fr
1,"JSC ""Minsk PKTI""",Belarus,http://mpkti.by
2,Power Drives Inc,United States,http://powerdrives.com
3,Uniflex-Hydraulik GmbH,Germany,http://uniflex-hydraulics.com
4,Challis MS Ltd   Tel,United Kingdom,http://challisagplus.com
5,Maschinenfabrik HARRY LUCAS GmbH & Co. KG,Germany,http://lucas-elha.de
6,MAX USA CORP.,United States,http://maxusacorp.com
7,"Dalian Huahan Rubber & Plastic Machinery CO.,LTD.",China,http://huahandl.com
8,jptechnoindia,India,http://jptechnoindia.com
9,analizapisma,Poland,http://analizapisma.pl
10,Intervention Rentals Ltd,United Kingdom,http://interventionrentals.com
11,Impact RM,Canada,http://impactrm.com
12,Reinflex,United States,http://crpreinflex.com
13,d-dairandhydraulic,Canada,http://d-dairandhydraulic.com
14,Arvi Hitech,India,http://arvihitech.co.in
15,Grimm's Pump &amp  Industrial Supply,United States,http://grimmspump.com
16,PistonPower GmbH,Germany,http://pistonpower.eu
17,IGPH Group,Germany,http://igph.net
18,Staffordshire Hydraulic Services Limited,United Kingdom,http://staffshydraulics.co.uk
19,MARICHEM MARIGASES WORLDWIDE SERVICES,Greece,http://marichem-marigases.com
20,Cameron Instruments Inc,Canada,http://cameroninstruments.com
21,Shaw Hydraulics Limited,United Kingdom,http://shaw-hydraulics.co.uk
22,"Akshay Plastic Industries, Delhi",India,http://akshayplastic.com
23,superreel,China,http://superreel.com
24,fittingsclamp,India,http://fittingsclamp.com
25,AOS,Singapore,http://aosoffshore.com
26,indoor-city-camping-alkmaar,Netherlands,http://indoor-city-camping-alkmaar.nl
27,JSC Gidroprivod,Ukraine,http://gidroprivod.kharkov.ua
28,GCE GmbH,Germany,http://germany.gcegroup.com
29,"PIRANHA HOSE PRODUCTS, INC.",United States,http://piranhahose.com
30,SS Flexhose (India) Private Limited.,India,http://flexhoseindia.com
31,apgasket,United States,http://apgasket.com
32,KTR Corporation,United States,http://ktr.com
33,Hansen International Inc,United States,http://hansenint.com
34,Comtest Engineering,United States,http://comtest.us
35,ricocnc,China,http://ricocnc.com
36,Cook Compression,United States,http://cookcompression.com
37,Design-2-Part,United States,http://d2pbuyersguide.com
38,PPL Motor Homes,United States,http://pplmotorhomes.com
39,sdst,Czech Republic,http://sdst.cz
40,"CENTRO, INC",United States,http://centrosolves.com
41,Gasket Fabricators Association,United States,http://gasketfab.com
42,Sontay Ltd,United Kingdom,http://sontay.com
43,Elastotech Srl,Italy,http://elastotechgaskets.com
44,Auto Accessories Car & Truck Accessories Aftermarket Performance,United States,http://autoaccessoriesgarage.com
45,Tania Hydraulika Silowa,Poland,http://taniahydraulikasilowa.pl
46,Define Instruments Inc.,United States,http://defineinstruments.com
47,CRP Automotive,United States,http://crpautomotive.com
48,Blaylock Gasket & Packing,United States,http://blaylock-gasket.com
49,JVS Sales & Technical Consultants GmbH,Germany,http://jvs.de
50,VP Racing Fuels,Australia,http://vpracing.com.au
51,Tramec Sloan LLC,United States,http://tramecsloan.com
52,Orbel Corporation,United States,http://orbel.com
53,CSI Keyboards,United States,http://csikeyboards.com
54,MILLER GASKET COMPANY,United States,http://millergasket.com
55,Atlas Gaskets Inc,United States,http://atlasgasketsinc.com
56,Exportpages International GmbH,Germany,http://exportpages.com
57,Crescent Plastics Incorporated,United States,http://crescentplastics.com
58,"WaterJet Natural Cutting, Inc",United States,http://waterjetnaturalcutting.com
59,k-h,Poland,http://k-h.pl
60,CNC Machines,United States,http://cncmachines.com
61,Pyramid Inc,United States,http://pyramidbelts.com
62,Patriot Fluid Power,United States,http://patriotfp.us
63,Witzenmann India Private Limited,India,http://witzenmann.it
64,SUMERU PRECISION,India,http://sumeruprecision.com
65,Albergo Siren,Italy,http://albergosiren.it
66,htico,United States,http://htico.com
67,VERSO TM,Czech Republic,http://versohydraulic.com
68,cnshunda,China,http://cnshunda.com
69,Reliable Hose Solutions,United States,http://reliablehose.com
70,"ZZ Industrial (shanghai) Co.,Ltd",China,http://pvccorrugatedpipe.com
71,Kuzuflex,Turkey,http://kuzuflex.com
72,Parker Hannfin - Parflex Division - TexLoc,United States,http://texloc.com
73,Grüning + Loske GmbH,Germany,http://gruelo.de
74,Hawk Valve,United States,http://hawkvalve.com
75,Platinflex Flexible Solutions,Turkey,http://platinflex.com
76,Midwest Hose & Specialty Inc,United States,http://midwesthose.com
77,b-4,Poland,http://b-4.pl
78,"Flex-Tech Hose & Tubing, LLC.",United States,http://flextechhose.com
79,"GUGER INDUSTRIES CO., LTD.",Taiwan,http://vip.cens.com
80,frenchpress,Poland,http://frenchpress.pl
81,McGill Hose & Coupling Inc,United States,http://mcgillhose.com
82,Witzenmann Austria GmbH,Austria,http://witzenmann.at
83,dr-zimmer-management,Germany,http://dr-zimmer-management.de
84,"XINXIANG PINGYUAN AVIATION HYDRAULIC EQUIPMENTS CO.,LTD",China,http://pyefl.com
85,.Rubber Hose,Netherlands,http://hosebest.nl
86,lepage-charpente-menuiserie,France,http://lepage-charpente-menuiserie.fr
87,Flytech Engineering,Malaysia,http://flytech.com.my
88,propanewarehouse,United States,http://propanewarehouse.com
89,Hose-Tech Limited,United Kingdom,http://hose-tech.co.uk
91,HSR,Germany,http://hsr-hydraulics.com
92,Witzenmann do Brasil Ltda.,Brazil,http://witzenmann.com.br
93,WITZENMANN,Poland,http://witzenmann.com.pl
94,francescatorricella,Italy,http://francescatorricella.it
95,mistify,Poland,http://mistify.pl
96,"Tubi Italia Bohemia, s.r.o.",Czech Republic,http://tubiitalia.com
97,Hydraulics2U,United Kingdom,http://hydraulics2u.co.uk
98,hydroscand,China,http://hydroscand.cn
99,grasmattenleggen,Belgium,http://grasmattenleggen.be
100,proponent,United Kingdom,http://proponent.com
101,"Ningbo Lito Auto Parts Co., Ltd.",China,http://litorubberhose.com
102,hubelmatt,Switzerland,http://hubelmatt.ch
103,Red-L Distributors Ltd,Canada,http://redl.com
104,HANSA-FLEX AG,Singapore,http://sg.hansa-flex.com
105,PGTGROUP,Ukraine,http://pgt.ua
106,het-moment,Belgium,http://het-moment.be
107,Cidat SpA,Italy,http://cidat.it
108,jetke,Poland,http://jetke.pl
109,Simon GmbH & Co KG,Germany,http://gummifabrik-simon.de
110,JSC Vladimir Plant,Russia,http://en.vzmr.ru
111,probiotykdlakoni,United Kingdom,http://probiotykdlakoni.pl
112,Productos y Mangueras Especiales SA,Spain,http://productosmesa.com
113,Tartufi Bonavita,Italy,http://tartufibonavita.it
114,"GT Southwest Hose, Inc.",United States,http://gtsouthwest.com
115,wendyverloopfotografie,Netherlands,http://wendyverloopfotografie.nl
116,"Qingdao Somax Manufacturing Co.,Ltd",China,http://somaxflex.com
117,GREMCO GmbH,Germany,http://gremco.de
118,schoenmakerbolinde,Netherlands,http://schoenmakerbolinde.nl
119,lskosmetyka,Poland,http://lskosmetyka.pl
120,madejski,Poland,http://madejski.pl
121,Witzenmann Slovakia spol. Ltd,Slovakia,http://witzenmann.sk
122,HYDROSCAND,France,http://hydroscand.fr
123,kupbrame,Poland,http://kupbrame.pl
124,"Superior Products, LLC",United States,http://superiorprod.com
125,hichydraulic,India,http://hichydraulic.com
126,GIK IMPIANTI SRL,Italy,http://gikimpianti.it
127,"DILO Company, Inc.",United States,http://us.dilo.com
128,lafavorita5,Italy,http://lafavorita5.it
129,Carlton Hydraulics Ltd,United Kingdom,http://carlton-hydraulics.co.uk
130,Kranzle USA   German made pressure washers,United States,http://kranzleusa.com
131,pressurehose,Belgium,http://pressurehose.be
132,osam,Belgium,http://osam.be
133,premium-kurier-stuttgart,Germany,http://premium-kurier-stuttgart.de
134,annajastrzebska,Poland,http://annajastrzebska.pl
135,Rank Hydraulics,India,http://rankhydraulics.net
136,dziennikiwypraw,Poland,http://dziennikiwypraw.pl
137,pinoparrucchieri,Italy,http://pinoparrucchieri.it
138,Walter Stauffenberg GmbH & Co. KG,Germany,http://stauff.eu
139,huissier-orne-61,France,http://huissier-orne-61.fr
140,kamilandrzejewski,Poland,http://kamilandrzejewski.pl
141,Hydynamic Holland,Netherlands,http://hydynamic.com
142,Parker-Hannifin,United States,http://ph.parker.com
143,Flotec Industrial Limited,United Kingdom,http://flotecindustrial.co.uk
144,Patel Hydraulics,India,http://patelhydraulics.co.in
145,POLYHOSE (INDIA) PVT LTD,India,http://polyhose.com
146,Pankaj Flexibles,India,http://pankajflexibles.com
147,myuniflex,India,http://myuniflex.com
148,Shree Tirupati Rubber Products,India,http://tirupatirubber.co.in
149,psyart,Poland,http://psyart.pl
150,"Hose & Fitting, Inc",United States,http://hosefittingshouston.com
151,"Ultra Pressure Components, Inc.",United States,http://ultrapressurecomponents.com
152,ABC SYNTHETICS PRIVATE LIMITED,India,http://abcspl.com
153,marionbernstein,Netherlands,http://marionbernstein.nl
154,breezehoseclamps,United States,http://breezehoseclamps.com
155,AAA industries,India,http://aaaindustries.net.in
156,"SAMLONGDA Plastic Industrial Co., Ltd.",China,http://samlongda.com
157,cnflex,China,http://cnflex.com
158,albergovergani,Italy,http://albergovergani.it
159,Habia Teknofluor AB,Sweden,http://habiateknofluor.se
160,Hydrafit AS,Norway,http://hydrafit.no
161,espace-louison-bobet,France,http://espace-louison-bobet.fr
162,lebensenergie-therapeut,Germany,http://lebensenergie-therapeut.de
163,creocenter,Poland,http://creocenter.pl
164,fiat-squadra,Poland,http://fiat-squadra.pl
165,CE Dongli Yantai,China,http://bohaixiangsu.cn
166,Hydroflex Pipe Pvt. Ltd,India,http://hydroflexpipes.com
167,HIC International Co Inc.,India,http://hic-india.com
168,Indunorm Hydraulik GmbH,Germany,http://indunorm.com
169,gesundes-st-augustin,Germany,http://gesundes-st-augustin.de
170,solarelo,Poland,http://solarelo.pl
171,Intertraco (Italia) S.p.a.,Italy,http://intertraco.it
172,panoramadrone,Poland,http://panoramadrone.pl
173,flambant9,France,http://flambant9.fr
174,papyrus-neckarsteinach,Germany,http://papyrus-neckarsteinach.de
175,lostileresta,Italy,http://lostileresta.it
176,api7khose,Poland,http://api7khose.pl
177,Ruby Hydraulic Co,India,http://rubyhydraulic.com
178,mdlhose,China,http://mdlhose.com
179,idlounge,Belgium,http://idlounge.be
180,napabeltshose,United States,http://napabeltshose.com
181,energielandschap,Belgium,http://energielandschap.be
182,"Ningbo  Tokatsu  Hose Industry  Co., Ltd.",China,http://tokfitting.com
183,kastelenmotortocht,Belgium,http://kastelenmotortocht.be
184,WRS Hose & Fittings,United States,http://wrshose.com
185,CAPITAL RUBBER CORP,United States,http://capitalrubber.com
186,USC Hydraulics,United Kingdom,http://uschydraulics.com
187,impresacurci,Italy,http://impresacurci.it
188,Tubex,India,http://tubexindia.com
189,Hydroscand Ltd,United Kingdom,http://hydroscand.co.uk
190,balancedansengym,Belgium,http://balancedansengym.be
191,motofoce,Italy,http://motofoce.it
192,HANSA FLEX Hydraulik GmbH,Austria,http://hansa-flex.at
193,laryngologradzyn,Poland,http://laryngologradzyn.pl
194,"Huizhou Zhongxin Besteflon Industrial Co., Ltd.",China,http://besteflon.com
195,Edge Solutions,India,http://edgesolutionsindia.com
196,Diesse Rubber Hoses S.p.A.,Italy,http://diesserubber.com
197,domweselnyoswiecim,Poland,http://domweselnyoswiecim.pl
198,HANSA FLEX AG,Germany,http://hansa-flex.ie
199,remi-serwis-auto,Poland,http://remi-serwis-auto.pl
200,.Hose Supplier,Belgium,http://hoseofchina.be
201,Witzenmann GmbH,China,http://witzenmann.cn
202,api7kofchinahose,Belgium,http://api7kofchinahose.be
203,Perfect Mediation,Netherlands,http://perfectmediation.nl
204,joma-apk,Netherlands,http://joma-apk.nl
205,Hy-Ram Engineering Co. Ltd,United Kingdom,http://hy-ram.co.uk
206,lestresorsdelanature,Belgium,http://lestresorsdelanature.be
207,articreare,Netherlands,http://articreare.nl
208,wheellink,Belgium,http://wheellink.be
209,antoineberengier,France,http://antoineberengier.fr
210,misjaduszy,Poland,http://misjaduszy.pl
211,associazioneblaze-matteoblasi,Italy,http://associazioneblaze-matteoblasi.it
212,VTI Ventil Technik GmbH,Germany,http://vti.de
213,GECITECH India Pvt. Ltd.,France,http://gecitech.co.uk
214,"Valley Industries, Inc.",United States,http://valleyind.com
215,De Heer,Netherlands,http://deheerbv.com
216,RBU South & East Asia Regional Office (Linde Gas Asia Pte. Ltd.) Linde Electronics,Singapore,http://linde-gas.com.sg
217,Polyfluor Plastics BV,Netherlands,http://polyfluor.nl
218,en.vulcax,Spain,http://en.vulcax.com
219,Spectron Gas Control Systems GmbH,Germany,http://spectron.de
220,Pilgrim International Ltd,United Kingdom,http://pilgrim-international.co.uk
221,Gebr. Held Hydraulik Technischer Großhandel GmbH,Germany,http://held-hydraulik.de
222,Polyfluor Plastics bv.,Netherlands,http://polyfluor.com
223,"Air Systems International, Inc",United States,http://airsystems.com
224,accm,Singapore,http://accm.sg
225,"SEA – Chomutov, s.r.o.",Czech Republic,http://sea.cz
227,PressureJet Systems Pvt. Ltd.,India,http://pressurejet.com
228,Applied Industrial Technologies,United States,http://applied.com
229,Metallizing Equipment Co. Pvt. Ltd,India,http://mecpl.com
230,Focus Inc,United States,http://polarfocus.com
231,prestigelakeridge,India,http://prestigelakeridge.in
232,moments2njoy,Netherlands,http://moments2njoy.nl
233,high-pressure-cleanhose,Poland,http://high-pressure-cleanhose.pl
234,Calex Auto,India,http://calexauto.com
235,club-caps,Germany,http://club-caps.de
236,gnwgolf,Netherlands,http://gnwgolf.nl
237,henning-hypnose,Germany,http://henning-hypnose.de
238,theeyefactory,Belgium,http://theeyefactory.be
239,odsniezanie-krakow,Poland,http://odsniezanie-krakow.pl
240,grupotropicana,Netherlands,http://grupotropicana.nl
241,librettocompetenze,Italy,http://librettocompetenze.it
242,"ZHUJI FEIKE MACHINERY PARTS CO.,LTD",China,http://fkfitting.com
243,Ontario Hose Specialties LTD,Canada,http://ontariohose.com
244,HYDRO ZNPHS Sp. z o. o,Poland,http://hydro.com.pl
245,Laike Hydraulics,China,http://laikehydraulics.com
246,Fotografie Geriema,Netherlands,http://geriema.nl
247,upperdogcommunicatie,Netherlands,http://upperdogcommunicatie.nl
248,wow-serrurier-ivry-sur-seine,France,http://wow-serrurier-ivry-sur-seine.fr
250,Zorghuis Kedichem,Netherlands,http://zorghuiskedichem.nl
251,afshuck,United Kingdom,http://afshuck.net
252,norkatt,Netherlands,http://norkatt.nl
253,7ustron,Poland,http://7ustron.pl
254,collepardobeb,Italy,http://collepardobeb.it
255,Platin Group co. Ltd.,Turkey,http://platinflex.it
256,suzhou-csj,China,http://suzhou-csj.com
257,tuinpuntuit-geleen,Netherlands,http://tuinpuntuit-geleen.nl
258,parkmanagement-zuiderzeehaven,Netherlands,http://parkmanagement-zuiderzeehaven.nl
259,libertysarnico,Italy,http://libertysarnico.it
260,5775,Poland,http://5775.pl
261,ggexpress,Poland,http://ggexpress.pl
262,grupa-eko-tur,Poland,http://grupa-eko-tur.pl
263,alpapcio,Poland,http://alpapcio.pl
264,TSL Fluid Power,United Kingdom,http://tslfluidpower.com
265,in.hansa-flex,India,http://in.hansa-flex.com
266,excellence-fenetres,France,http://excellence-fenetres.fr
267,UHC-Group ltd,Russia,http://uhc-group.com
268,Lantech Solutions Ltd,United Kingdom,http://lantechsolutions.co.uk
269,A M Trident Technologies Pvt. Ltd,India,http://amtrident.com
270,wulkanizacja-wiktor,Poland,http://wulkanizacja-wiktor.pl
271,Flexiflow Industries Pvt. Ltd.,India,http://flexiflow.in
272,zjshihui.en.alibaba,China,http://zjshihui.en.alibaba.com
273,nico-gevers,Belgium,http://nico-gevers.be
274,osteopathe-la-garde,France,http://osteopathe-la-garde.fr
275,Techfluid U.K. Ltd,United Kingdom,http://techfluid.co.uk
276,wandelvriendentermaar,Netherlands,http://wandelvriendentermaar.nl
277,Skyway Inn Rooms,India,http://skywayinn.in
278,api16chose,Poland,http://api16chose.pl
279,hose-Hengshui Xinchi Hose Manufacturing Co. ltd,China,http://xinchihosefty.com
280,TA Hydraulics Pvt. Ltd.,India,http://tahydraulics.com
281,Al Estagamah global group Co,Saudi Arabia,http://estagamah.com
282,Omega Flex Inc,United States,http://omegaflex.com
283,airstrut1,China,http://airspringssuspension.com
284,studiotecnicosardegna,Italy,http://studiotecnicosardegna.it
285,autismemijnkracht,Belgium,http://autismemijnkracht.be
286,Xtraflex Ltd.,United Kingdom,http://xtraflex.co.uk
287,Tiemozon Binnenzonwering-Horren,Netherlands,http://tiemozon.nl
288,pozyczki-do-reki,Poland,http://pozyczki-do-reki.pl
289,smartphone-herstel,Belgium,http://smartphone-herstel.be
290,ISO HOSE AND ENGINEERING WORKS LTD,India,http://hosecrimping-india.com
291,hpmueh,Germany,http://hpmueh.de
292,tomasztyburski,Poland,http://tomasztyburski.pl
293,Nemalux Industrial,Canada,http://nemalux.com
294,debouchage-plombier-valence,France,http://debouchage-plombier-valence.fr
295,"Quanzhou Winner Fire Fighting Equipment Co.,Ltd",China,http://winnerfirehose.com
296,api7khoseofchina,Poland,http://api7khoseofchina.pl
297,umeoka.co,Japan,http://umeoka.co.jp
298,Reliable Equipment,United States,http://reliable-equip.com
299,Flexibles,India,http://flexibles.in
300,chemometryhose,Poland,http://chemometryhose.pl
301,Soni Rubber Products Ltd.,India,http://soni.co.in
302,highpressureoilhose,Netherlands,http://highpressureoilhose.nl
303,sknetworks,Poland,http://sknetworks.pl
304,dessioux-david,France,http://dessioux-david.fr
305,nightbike,Netherlands,http://nightbike.nl
306,chemical-hose,Netherlands,http://chemical-hose.nl
307,high-pressure-oil-hose,Poland,http://high-pressure-oil-hose.pl
308,houtparadijs,Belgium,http://houtparadijs.be
309,lerefugedelabergere,France,http://lerefugedelabergere.fr
310,pronails-hainaut,Belgium,http://pronails-hainaut.be
311,steamhosechina,Netherlands,http://steamhosechina.nl
312,gagliolopierangelo,Italy,http://gagliolopierangelo.it
313,alessiavaralda,Italy,http://alessiavaralda.it
314,"Henan Yibo Technology CO., LTD",China,http://yiboindustry.com
315,Arm-Tex Corporation,United States,http://arm-tex.com
316,"Hose Technology Co., Ltd.",United Kingdom,http://spd-seggebruch.de
317,"YUYAO DUOLI HYDRAULICS CO.,LTD",China,http://hydraulichoseendfittings.com
318,Mcneil Instruments Inc.,India,http://mcneilinstrument.com
319,Bootcampheroes,Netherlands,http://bootcampheroes.nl
320,fotoksiazka-wroclaw,Poland,http://fotoksiazka-wroclaw.pl
321,penguin,India,http://penguin.in
322,G T R HOSES,India,http://gtrhoses.com
323,emmas-post,Germany,http://emmas-post.de
324,thehydraulichose,China,http://thehydraulichose.com
325,Stauff Anglia Ltd,United Kingdom,http://stauffanglia.com
326,feestenaanderijn,Netherlands,http://feestenaanderijn.nl
327,SAĞLAM TİCARET TÜM HAKLARI SAKLIDIR,Turkey,http://saglamtic.com
328,hos,United Kingdom,http://hos.co.uk
329,cook-and-relax,Belgium,http://cook-and-relax.be
330,Kiestra Securitytechniek,Netherlands,http://kiestra-securitytechniek.nl
331,Airmo Inc. Pressure Technologies,United States,http://airmo.com
332,Everwand & Fell GmbH,Germany,http://everwand.de
333,metamorphosistudio,Italy,http://metamorphosistudio.it
335,Turenty sprl,Belgium,http://turenty.be
336,reinboge-tjerkwerd,Netherlands,http://reinboge-tjerkwerd.nl
337,Qingdao Everflex Rubber & Plastic Co.Ltd,China,http://everflex-rubber-hose.com
338,woordenwerk,Belgium,http://woordenwerk.be
339,Buzz Technology,India,http://tosyauto.com
340,Avon Hydraulics & Eng Pvt Ltd,India,http://avonhose.com
341,andre-magnouac,France,http://andre-magnouac.fr
342,epowerhydraulic.m.en.alibaba,China,http://epowerhydraulic.m.en.alibaba.com
343,patroviesville,Belgium,http://patroviesville.be
344,ELASTOHOSE,India,http://elastohose.com
345,TANIQ B.V.,Netherlands,http://taniq.com
346,TRANSFLEX INDUSTRIES,India,http://transflexindia.com
347,kruidenweb,Belgium,http://kruidenweb.be
348,zonaurbana,Poland,http://zonaurbana.pl
350,aedus,Italy,http://aedus.it
351,hoseapi,Belgium,http://hoseapi.be
352,giancarloaleppo,Italy,http://giancarloaleppo.it
353,unmeseconwallstreet,Italy,http://unmeseconwallstreet.it
354,tsenterprisesindia,India,http://tsenterprisesindia.com
355,fraailawaai,Netherlands,http://fraailawaai.nl
356,always-living,Netherlands,http://always-living.nl
357,en.mobitiv,Turkey,http://en.mobitiv.com
358,bygetty,Belgium,http://bygetty.be
359,mailserviceposteprivate,Italy,http://mailserviceposteprivate.it
360,icracked,Italy,http://icracked.it
361,stefanopicinelli,Italy,http://stefanopicinelli.it
362,bewusst-sein-leipzig,Germany,http://bewusst-sein-leipzig.de
363,labouleducentre,Belgium,http://labouleducentre.be
364,Polyfit Fabricators Pvt Ltd.,India,http://polyfit.co.in
365,"""SP"" Witzenmann-Russia",Russia,http://witzenmann.ru
366,bbnovafeltria,Italy,http://bbnovafeltria.it
367,glocker-foto,Germany,http://glocker-foto.de
368,elsvanberkel,Netherlands,http://elsvanberkel.nl
369,residenzabocci,Italy,http://residenzabocci.it
370,FBT INDUSTRIES PVT. LTD,India,http://fbtindia.com
371,Dustec Hochdrucktechnik GmbH,Germany,http://dustec.de
372,opel-bayonne,France,http://opel-bayonne.fr
373,kpn1979-89,Poland,http://kpn1979-89.pl
374,hearthcore,Poland,http://hearthcore.pl
375,S G Metals,India,http://sgmetals.in
376,HYDROFLEX PVT. LTD,India,http://rajhydroflex.com
377,fashionhunter,Poland,http://fashionhunter.pl
378,Frans Meuleneire,Belgium,http://frans-meuleneire.be
379,bergmantotaal,Netherlands,http://bergmantotaal.nl
380,tec7-nrw,Germany,http://tec7-nrw.de
381,matizenzo,Netherlands,http://matizenzo.nl
382,vernicipomezia,Italy,http://vernicipomezia.it
383,Mineflex / Hose Solutions Inc.,United States,http://mineflex.com
384,EDiS,Italy,http://edis.eu
385,Flexo Tech Products,India,http://flexotechproducts.com
386,Pirtek (UK) Ltd Company,United Kingdom,http://pirtek.co.uk
387,Aeroflex Hose and Engineering Ltd.,United Kingdom,http://aeroflex.co.uk
388,kreidefarbe-hamburg,Germany,http://kreidefarbe-hamburg.de
389,poppiespannenkoekenboot,Netherlands,http://poppiespannenkoekenboot.nl
390,wear-resisting-hose,Netherlands,http://wear-resisting-hose.nl
391,Aerocom Specialty Fittings Inc.,Canada,http://aerocomfittings.com
392,"Aero Hose, Corp.",United States,http://aero-hose.com
393,Le Valline Country Resort,Italy,http://levalline.it
394,Vardhman Hoses Pvt. Ltd.,India,http://rubberindia.in
395,edelsmeden-enschede,Netherlands,http://edelsmeden-enschede.nl
396,Jinyuan Rubber manufacturing limited,China,http://goflexrubber.com
397,JRE Pvt. Ltd,India,http://jreltd.com
398,Global Transmission,India,http://globaltransmission.net
399,barilpescatore,Italy,http://barilpescatore.it
400,whirlpool-czesci,Poland,http://whirlpool-czesci.pl
401,INDUSTRIAL PVC HOSE,China,http://sunhose.cn
402,cnspraybottle,United States,http://cnspraybottle.top
403,iltuometodo,Italy,http://iltuometodo.it
404,Inn Urbe Vaticano,Italy,http://innurbevaticano.it
405,neo-polis,Italy,http://neo-polis.it
406,sapa-poitiers,France,http://sapa-poitiers.fr
407,Resato International BV,Netherlands,http://resato.com
408,praktijkvoorpaardentherapie,Netherlands,http://praktijkvoorpaardentherapie.nl
409,Hua Yan Hydraulics,China,http://hy-hydraulics.com
410,STAUFF UK Ltd.,United Kingdom,http://stauff.co.uk
411,orso-escartin,France,http://orso-escartin.fr
412,"HeBei GuangHao Pipe Fittings Co .,LTD (Cangzhou Sailing Steel Pipe Co., Ltd)",China,http://guanghaofitting.com
413,prawnikbiznesu,Poland,http://prawnikbiznesu.pl
414,amakroncms,Poland,http://amakroncms.pl
415,vanderpoeladministratie,Netherlands,http://vanderpoeladministratie.nl
416,ZYfire Hose Corporation,China,http://richhose.com
417,maor,Belgium,http://maor.be
418,safe2drive,Belgium,http://safe2drive.be
419,Arteca Jilava Commercial Company,Romania,http://arteca.ro
420,justby-b,Netherlands,http://justby-b.nl
421,Atal Hose & Engg Works Pvt Ltd.,India,http://hosecrimpingmachines.in
422,Jakob Eschbach GmbH,Germany,http://jakob-eschbach.de
423,Penflex,United States,http://penflex.com
424,sociologiadellareligione,Italy,http://sociologiadellareligione.it
425,konkursy-z-nagrodami,Poland,http://konkursy-z-nagrodami.pl
426,abcwspolnoty,Poland,http://abcwspolnoty.pl
427,nagari,Poland,http://nagari.pl
428,lighthousequilting,Netherlands,http://lighthousequilting.nl
429,ammaeventi,Italy,http://ammaeventi.it
430,ramenendeurencenter,Belgium,http://ramenendeurencenter.be
431,dietroilpoliteama,Italy,http://dietroilpoliteama.it
432,chrisheating,Belgium,http://chrisheating.be
433,Witzenmann France SARL,France,http://witzenmann.fr
434,bridgeland,Belgium,http://bridgeland.be
435,Kalski Gościniec,Poland,http://kalskigosciniec.pl
436,picswithlove,Netherlands,http://picswithlove.nl
437,SCHAAF GmbH & Co. KG,Germany,http://schaaf-gmbh.com
438,Zinelli Franco S.R.L.,Italy,http://zinellifranco.it
439,Deep Jyoti Rubber Pvt. Ltd. The company,India,http://deep-jyoti.com
440,fenixpoznan,Poland,http://fenixpoznan.pl
441,Parth valves and Hoses LLP,India,http://foodgradehoses.com
442,letong,Netherlands,http://letong.nl
443,dottorbonus,Italy,http://dottorbonus.it
444,Weldalloy Pty Ltd,Australia,http://weldalloy.com
445,Sgpnet,Italy,http://sgpnet.it
446,NINGBO NJ HYDRAULIC ADAPTER CO. LTD,China,http://njadapters.com
447,mercatosicuro,Italy,http://mercatosicuro.it
448,cartolando,Italy,http://cartolando.it
449,ashimori.co,Japan,http://ashimori.co.jp
450,V TUF is part of The Fenco Group Ltd.,United Kingdom,http://v-tuf.co.uk
451,amprod,Belgium,http://amprod.be
452,Seagull Fittings Limited. Registered in England No.,United Kingdom,http://seagullfittings.co.uk
453,cahvn,France,http://cahvn.fr
454,aaruah,Italy,http://aaruah.it
455,yummyfood,Belgium,http://yummyfood.be
456,palmansfilms,Netherlands,http://palmansfilms.nl
457,Titeflex Commercial,India,http://titeflex.com
458,ilfarotrapanibeb,Italy,http://ilfarotrapanibeb.it
459,TESS as - Hovedkontor,Norway,http://tess.no
460,xtrememidlife,Netherlands,http://xtrememidlife.nl
461,amstaffdag,Belgium,http://amstaffdag.be
462,ultra pcs,United Kingdom,http://ultra-pcs.com
463,nature-element,Netherlands,http://nature-element.nl
464,bntflex,China,http://bntflex.com
465,fcnfanglubbzwoelf-unterhaid,Germany,http://fcnfanglubbzwoelf-unterhaid.de
466,jfks,France,http://jfks.fr
467,Forme di sophia,Italy,http://formedisophia.it
468,babyflasche-mit-namen,Germany,http://babyflasche-mit-namen.de
469,location-caisse-frigorifique,France,http://location-caisse-frigorifique.fr
470,"Shenzhen Sunbow Insulation Materials Mfg. Co., Ltd.",China,http://sunbowgd.en.alibaba.com
471,doktoreisenbarth,Switzerland,http://doktoreisenbarth.ch
472,Wahrens Musikhaus,Germany,http://wahrens-musikhaus.de
473,Rolf Windhösel GmbH + Co. KG,Germany,http://windhoesel.de
474,firsthoseofchina,Poland,http://firsthoseofchina.pl
475,Hydroscand Automotive AB,Sweden,http://hydroscand-automotive.com
476,"SHANDONG FUSHIDA RUBBER TECHNOLOGY CO., LTD.",China,http://sdfsdhose.com
477,turowpark,Poland,http://turowpark.pl
479,jorisgiebens,Belgium,http://jorisgiebens.be
480,metroindustrial,United States,http://metroindustrial.net
481,energywork,Belgium,http://energywork.be
482,inzynieria-motocyklowa,Poland,http://inzynieria-motocyklowa.pl
483,SOFTEX INDUSTRIAL PRODUCTS PVT. LTD.,India,http://softexindia.com
484,letong-hose,Netherlands,http://letong-hose.nl
485,DILO GmbH,Germany,http://dilo-gmbh.com
486,G.E.O. Construct,Belgium,http://geo-construct.be
487,Witzenmann USA LLC,United States,http://witzenmann-usa.com
488,polskielvis,Poland,http://polskielvis.pl
489,Kemtech International Private Ltd,India,http://kemtech.in
490,Gusto Tre Punto Zero,Italy,http://gustotrepuntozero.it
491,consulfor,Italy,http://consulfor.it
492,automatischepoorten,Belgium,http://automatischepoorten.be
493,Megaflex Limited,United Kingdom,http://megaflex.co.uk
494,miragehp,France,http://miragehp.com
495,Tubes International Sp. z o.o.,Poland,http://hose-solutions.com
496,Aadarsh Hydropneumatics”,India,http://aadarshhydropneumatics.com
497,"Zhejiang Epower Machinery Co.,Ltd",China,http://bestepower.com
498,Hydravia ltd,Russia,http://hydravia.com
499,dobbinsal,United States,http://dobbinsco.com
